<?xml version='1.0' encoding='utf-8' standalone='yes' ?>
<map>
    <long name="time_active" value="6979" />
    <long name="last_upload" value="1603141781109" />
    <long name="first_open_time" value="1603141780897" />
    <string name="gmp_app_id">1:811710246863:android:bcc9ba416cc8a74d642cba</string>
    <string name="app_instance_id">ad6ed1fe5e2ff82f37b9eb18dfcfa8a1</string>
    <boolean name="app_backgrounded" value="false" />
    <long name="health_monitor:start" value="1603141781134" />
    <boolean name="use_service" value="true" />
    <boolean name="deferred_analytics_collection" value="false" />
    <string name="previous_os_version">8.0.0</string>
    <boolean name="has_been_opened" value="true" />
    <boolean name="use_dynamite_api" value="false" />
    <boolean name="allow_remote_dynamite" value="false" />
    <long name="last_pause_time" value="1603157240115" />
    <boolean name="start_new_session" value="false" />
</map>
