<?xml version='1.0' encoding='utf-8' standalone='yes' ?>
<map>
    <long name="a_start_time" value="0" />
    <int name="last_request_spent_ms" value="1468" />
    <string name="signature">97000bc6f04c472ea88fc6596770649d9715c43c8175a4fe81feb73ffe338e5f</string>
    <long name="dntr" value="368009554" />
    <long name="session_start_time" value="1603153632363" />
    <string name="session_id">6400931B4D2A955A9948A8880FB76B41</string>
    <long name="last_request_time" value="1603141985126" />
    <int name="successful_request" value="3" />
    <long name="uptr" value="169737037" />
    <int name="failed_requests " value="0" />
    <long name="session_end_time" value="1603157442859" />
    <int name="serial" value="7" />
    <string name="activities">[&quot;BaseMVPFragment&quot;,3761556]</string>
    <long name="first_activate_time" value="1603141792722" />
    <long name="last_req" value="1603153632762" />
    <long name="a_end_time" value="1603157442859" />
</map>
